g,role:org_owner,role:org_admin,org:{ORG_ID},
g,role:org_admin,role:org_viewer,org:{ORG_ID},
p,role:org_viewer,org:{ORG_ID},canvas,read
p,role:org_viewer,org:{ORG_ID},org,read
p,role:org_admin,org:{ORG_ID},canvas,create
p,role:org_admin,org:{ORG_ID},canvas,update
p,role:org_admin,org:{ORG_ID},canvas,delete
p,role:org_admin,org:{ORG_ID},user,invite
p,role:org_admin,org:{ORG_ID},user,remove
p,role:org_admin,org:{ORG_ID},user,read
p,role:org_admin,org:{ORG_ID},role,read
p,role:org_admin,org:{ORG_ID},role,assign
p,role:org_admin,org:{ORG_ID},role,remove
p,role:org_admin,org:{ORG_ID},group,create
p,role:org_admin,org:{ORG_ID},group,read
p,role:org_admin,org:{ORG_ID},group,update
p,role:org_owner,org:{ORG_ID},org,update
p,role:org_owner,org:{ORG_ID},org,delete
